"UID"	"Year"	"TribalFraction"	"FractionID"	"Tribe"	"TribeID"	"TotalPop"	"HorsemenA"	"HorsemenN"	"FootSoldiersA"	"FootSoldiersN"	"Males"	"Females"	"Children"	"Boys"	"Girls"	"Elderly"	"Kabyles"	"Arabs"	"Berbers"	"Cattle"	"Sheep"	"Goats"	"Horses"	"Stallions"	"Mares"	"Foals"	"Fillies"	"MulesDonkeys"	"Mules"	"Donkeys"	"Camels"	"Tents"	"Gourbis"	"Houses"	"HouseValue"	"UnderCropHa"	"Zouidja"	"WoolKg"	"HidesKg"	"OilL"	"WheatKg"	"BarleyKg"	"TobaccoKg"	"Comments"	"Source"
196	1855	"Lebrasse"	66	"Abid"	19															557	1354	1421									13														"ANOM GGA 50II 275"
223	1855	"Tah'lin"	68	"Abid"	19															164	1536	218									196														"ANOM GGA 50II 275"
193	1855	"Gherabas"	69	"Abid"	19															107	892	184									35														"ANOM GGA 50II 275"
216	1855	"Oulad Senan"	70	"Abid"	19															116	598	362									1														"ANOM GGA 50II 275"
195	1855	"Gueçammtia"	139	"Abid"	19															140	1142	267									35														"ANOM GGA 50II 275"
208	1855	"Oulad Khabid"	71	"Beni Hassen"	20															127	46	388									0														"ANOM GGA 50II 275"
212	1855	"Oulad Mezaia"	72	"Beni Hassen"	20															160	420	478									0														"ANOM GGA 50II 275"
220	1855	"Ouled Eumran"	74	"Beni Hassen"	20															356	767	1550									0														"ANOM GGA 50II 275"
214	1855	"Oulad Saïd"	75	"Beni Hassen"	20															259	720	828									0														"ANOM GGA 50II 275"
183	1855	"Beni Rïar"	76	"Beni Hassen"	20															114	158	292									0														"ANOM GGA 50II 275"
203	1855	"Oulad Chebaana"	77	"Beni Hassen"	20															75	124	197									0														"ANOM GGA 50II 275"
218	1855	"Oulad Sidi Yacoub"	140	"Beni Hassen"	20															90	108	428									0														"ANOM GGA 50II 275"
221	1855	"Gendeur"	78	"Hannacha"	21															94	49	117									0														"ANOM GGA 50II 275"
186	1855	"Draa Saboun"	80	"Hannacha"	21															115	72	243									0														"ANOM GGA 50II 275"
1	1855	"Oulad Bel Alia"	81	"Hannacha"	21	464	1	3	22	95	121	128	215	123	92	29				424	227	1428	18	1	11	4	2	74	11	63	0	37	104	3	1100	450							0	"Elderly are not included in adult count by sex."	"ANOM GGA 50II 283"
207	1855	"Oulad Hemouda"	82	"Hannacha"	21															282	54	793									0														"ANOM GGA 50II 275"
2	1855	"Oulad Henich"	79	"Hannacha"	21	264	2	2	19	42	65	70	129	72	57	30				324	249	396	19	0	10	2	7	70	11	59	0	40	69	7	1700	360							0	"Elderly are not included in adult count by sex."	"ANOM GGA 50II 283"
185	1855	"Cheraga"	83	"Ouzera"	22															764	1171	1161									0														"ANOM GGA 50II 275"
194	1855	"Grabas"	84	"Ouzera"	22															659	602	3379									0														"ANOM GGA 50II 275"
182	1855	"Ben Aïch"	85	"Ouzera"	22															595	1098	2373									0														"ANOM GGA 50II 275"
198	1855	"Oulad Amra"	86	"Aouara"	23															355	432	749									0														"ANOM GGA 50II 275"
191	1855	"El Ouata"	87	"Aouara"	23															444	758	749									0														"ANOM GGA 50II 275"
204	1855	"Oulad Daoud"	88	"Aouara"	23															196	604	217									0														"ANOM GGA 50II 275"
215	1855	"Oulad Salah et Oulad Tabet"	89	"Aouara"	23															333	467	514									0														"ANOM GGA 50II 275"
190	1855	"El Nasseria"	91	"Aouara"	23															243	301	346									0														"ANOM GGA 50II 275"
211	1855	"Oulad Messaoud"	92	"Righa"	24															268	472	758									0														"ANOM GGA 50II 275"
217	1855	"Oulad Si Ahmed Ben Youcef"	93	"Righa"	24															147	119	744									0														"ANOM GGA 50II 275"
199	1855	"Oulad Ben Aïssa"	94	"Righa"	24															106	59	548									0														"ANOM GGA 50II 275"
200	1855	"Oulad Bou Achra"	96	"Righa"	24															75	20	220									0														"ANOM GGA 50II 275"
205	1855	"Oulad El Aouar"	97	"Righa"	24															110	308	856									0														"ANOM GGA 50II 275"
222	1855	"Senadja en Oulad Moussa"	98	"Righa"	24															581	770	869									0														"ANOM GGA 50II 275"
197	1855	"Oulad Aïssa"	99	"Righa"	24															271	244	316									0														"ANOM GGA 50II 275"
188	1855	"El Hafair"	100	"Righa"	24															170	273	330									0														"ANOM GGA 50II 275"
201	1855	"Oulad Bou Hadi"	101	"Righa"	24															167	20	679									0														"ANOM GGA 50II 275"
213	1855	"Oulad Ouamid"	136	"Righa"	24															60	42	327									0														"ANOM GGA 50II 275"
187	1855	"El Couard El Ababda"	137	"Righa"	24															186	157	557									0														"ANOM GGA 50II 275"
20	1855	"Beni Ateulli"	104	"Mouzaïas"	25	130	1	0	17	6	24	49	57	40	17	7				104	92	287	5	0	2	0	3	23	0	23	0	0	30	0	0	32								"Elderly are not included in adult count by sex.. Products not recorded"	"ANOM GGA 50II 283"
19	1855	"Bou Allahoum"	105	"Mouzaïas"	25	348	5	1	36	40	82	107	159	79	80	29				290	424	998	25	15	8	1	1	74	5	69	0	0	68	2		103								"Elderly are not included in adult count by sex. Products not recorded"	"ANOM GGA 50II 283"
21	1855	"Oulad Fergan"	112	"Hassen ben Ali"	26	971	23	0	51	211	285	304	382	223	159	43				606	2169	904	94	18	55	12	9	199	86	113	0	146	199	7	13350	166		0	0	0	125200	122900	0	"Elderly are not included in adult count by sex."	"ANOM GGA 50II 283"
206	1855	"Oulad Fergan"	112	"Hassen Ben Ali"	26															353	2489	1578									0														"ANOM GGA 50II 275"
22	1855	"Oulad Trif"	113	"Hassen ben Ali"	26	986	16	0	42	190	248	327	411	221	190	17				495	2079	1123	62	10	36	9	7	162	73	89	0	112	183	3	1805	126.5		0	0	0	96300	105800	28	"Elderly are not included in adult count by sex. Tobacco stated to be 13 quintaux and another 1500 kg (total 28 qx)"	"ANOM GGA 50II 283"
219	1855	"Oulad Trif"	113	"Hassen Ben Ali"	26															711	2106	1448									1														"ANOM GGA 50II 275"
25	1855	"Oulad Brahim"	114	"Hassen ben Ali"	26	482	4	0	30	91	125	152	205	108	97	11				296	702	183	25	4	17	3	1	57	33	24	0	37	85	9	8800	46		0	0	0	31600	32200	26.29	"Elderly are not included in adult count by sex. Tobacco assumed to be in kg originally"	"ANOM GGA 50II 283"
202	1855	"Oulad Brahim"	114	"Hassen Ben Ali"	26															393	667	243									0														"ANOM GGA 50II 275"
209	1855	"Oulad Maiza"	115	"Hassen Ben Ali"	26															83	159	82									0														"ANOM GGA 50II 275"
23	1855	"Oulad Maïza"	115	"Hassen ben Ali"	26	65	3	0	4	10	17	22	26	15	11	2				37	108	87	5	0	4	1	0	20	3	17	0	8	12	0	0	8.5		0	0	0	8400	9500	0	"Elderly are not included in adult count by sex."	"ANOM GGA 50II 283"
24	1855	"Oulad Melal"	116	"Hassen ben Ali"	26	285	7	0	4	66	77	92	116	62	54	7				231	667	376	28	4	13	5	6	68	33	35	0	38	53	2	7900	55		0	0	0	50400	49700	0	"Elderly are not included in adult count by sex."	"ANOM GGA 50II 283"
210	1855	"Oulad Mellel"	116	"Hassen Ben Ali"	26															354	776	411									0														"ANOM GGA 50II 275"
26	1855	"El Ghueraba"	117	"Hassen ben Ali"	26	707	8	0	72	116	196	189	322	185	137	48				619	1530	755	33	5	21	3	4	135	41	94	0	80	144	2	8100	86.5		0	0	0	75500	68200	0	"Elderly are not included in adult count by sex."	"ANOM GGA 50II 283"
192	1855	"El Reraba"	117	"Hassen Ben Ali"	26															526	1845	1048									0														"ANOM GGA 50II 275"
13	1855	"Oulad Madjoub en Oulad Ali"	118	"Gerib"	27	860	11	0	56	177	244	236	380	225	155	97				869	1007	621	38	10	18	3	7	274	19	255	0	136	216	4	4500	913		1007	0	0	139900	118900	0	"Elderly are not included in adult count by sex."	"ANOM GGA 50II 283"
15	1855	"Ladeifa en Lameche"	119	"Gerib"	27	593	11	2	26	133	172	177	244	121	123	37				682	774	273	47	6	23	9	9	163	17	146	0	76	144	3	10400	580		774	0	0	102300	115900	0	"Elderly are not included in adult count by sex."	"ANOM GGA 50II 283"
14	1855	"Oulad Maguels en Amoun"	120	"Gerib"	27	849	12	0	63	180	255	236	358	215	143	67				716	843	728	62	11	29	11	11	187	15	172	0	112	225	2	5400	712		843	0	0	114500	101200	0	"Elderly are not included in adult count by sex."	"ANOM GGA 50II 283"
12	1855	"Beni Rached en Oulad Nails"	122	"Gerib"	27	984	32	0	56	209	297	294	393	215	178	104				1139	1492	433	109	34	48	16	11	262	34	228	0	143	226	24	17400	1348		1492	0	0	306500	257300	0	"Elderly are not included in adult count by sex."	"ANOM GGA 50II 283"
16	1855	"Oulad Delmi"	124	"Ouamry"	28	913	14	0	40	192	246	278	389	226	163	12				972	1700	812	105	26	51	19	9	167	36	131	0	108	139	5	1550	1105		1700	0	0	134800	134800	0	"Elderly are not included in adult count by sex."	"ANOM GGA 50II 283"
18	1855	"Oulad Djoutia"	125	"Ouamry"	28	1111	13	0	31	219	263	347	501	292	209	9				1368	2193	707	119	29	55	23	12	55	26	29	0	108	171	3	850	1150		2193	0	0	136800	136800	0	"Elderly are not included in adult count by sex."	"ANOM GGA 50II 283"
17	1855	"Oulad Moussa"	126	"Ouamry"	28	845	16	0	30	178	224	254	367	212	155	6				1033	1324	569	114	35	45	18	16	143	24	119	0	108	132	5	1325	990		1324	0	0	118800	118800	0	"Elderly are not included in adult count by sex."	"ANOM GGA 50II 283"
6	1855	"Oulad Turki"	127	"Beni Bou Yacoub"	29	461	3	0	36	98	137	142	182	89	93	10				361	669	158	19	0	10	2	7	46	39	7	0	21	95	0	0	1025		0	0	0	25600	37400	0	"Elderly are not included in adult count by sex."	"ANOM GGA 50II 283"
5	1855	"Oulad Megubel"	128	"Beni Bou Yacoub"	29	409	2	0	36	76	114	120	175	109	66	4				273	469	196	19	6	9	1	3	33	9	24	0	15	75	0	0	410		0	0	0	26700	28000	0.5	"Elderly are not included in adult count by sex."	"ANOM GGA 50II 283"
11	1855	"Merabetin"	129	"Beni Bou Yacoub"	29	257	2	0	23	43	68	84	105	58	47	21				236	444	189	26	8	13	2	3	32	20	12	0	13	51	2	5000	550		0	0	0	41500	57600	3	"Elderly are not included in adult count by sex."	"ANOM GGA 50II 283"
8	1855	"Oulad Aly"	130	"Beni Bou Yacoub"	29	170	1	0	22	28	51	54	65	48	17	5				94	87	252	5	0	2	2	1	8	5	3	0	2	33	0	0	210		0	0	0	8400	11700	0	"Elderly are not included in adult count by sex."	"ANOM GGA 50II 283"
3	1855	"Farna"	131	"Beni Bou Yacoub"	29	355	1	0	30	82	113	62	180	103	77	11				286	291	260	10	3	4	2	1	47	20	27	0	3	78	0	0	463		0	0	0	16700	23300	0	"Elderly are not included in adult count by sex."	"ANOM GGA 50II 283"
10	1855	"Oulad Bou Harré"	132	"Beni Bou Yacoub"	29	266	3	0	19	51	73	78	115	65	50	8				136	221	228	7	3	3	1	0	22	14	8	0	3	49	0	0	281		0	0	0	19100	29200	0	"Elderly are not included in adult count by sex."	"ANOM GGA 50II 283"
7	1855	"Bedrna"	133	"Beni Bou Yacoub"	29	347	2	0	30	57	89	98	160	81	79	2				201	290	335	17	1	11	3	2	45	23	22	0	9	66	0	0	450		0	0	0	19000	23600	1.5	"Elderly are not included in adult count by sex."	"ANOM GGA 50II 283"
4	1855	"Oulad Amena"	134	"Beni Bou Yacoub"	29	228	1	0	23	36	60	70	98	48	50	6				87	188	117	2	0	2	0	0	23	9	14	0	1	45	0	0	235		0	0	0	11000	14100	0	"Elderly are not included in adult count by sex."	"ANOM GGA 50II 283"
9	1855	"Madala"	135	"Beni Bou Yacoub"	29	660	11	0	41	139	191	213	256	140	116	18				519	580	121	53	15	25	8	5	78	54	24	0	26	112	0	0	1015		0	0	0	66200	75200	13	"Elderly are not included in adult count by sex."	"ANOM GGA 50II 283"
62	1856	"Oulad Mokhetar"	11	"Oulad Mokhetar"	7	383	54	49	1	20	124	116	143	84	59	45				88	5691	833	152	27	97	7	21	124	6	118	662	69	0	0	0		38	3952	471	0	24600	35600	0	"Elderly are not included in adult count by sex."	"ANOM GGA 50II 272"
61	1856	"El Abaziz"	150	"Oulad Mokhetar"	7	139	11	21	1	4	37	45	57	32	25	4				42	1128	203	35	19	15	0	1	47	1	46	83	27	0	0	0		14	519	123	0	10000	15200	0	"Elderly are not included in adult count by sex."	"ANOM GGA 50II 272"
59	1856	"El Mezablia"	13	"El Mouiadat Cheraga"	8	168	6	1	7	29	43	36	89	32	57	5				16	845	329	8	2	5	0	1	54	0	54	82	29	0	0	0		7	310	45	0	8500	16100	0	"Elderly are not included in adult count by sex."	"ANOM GGA 50II 272"
55	1856	"Essiaïna"	146	"El Mouiadat Cheraga"	8	215	21	1	10	18	50	52	113	50	63	17				29	1414	303	32	9	13	3	7	63	1	62	305	29	0	0	0		13.5	471	69	0	12400	12800	0	"Elderly are not included in adult count by sex."	"ANOM GGA 50II 272"
56	1856	"Essahabat"	147	"El Mouiadat Cheraga"	8	328	20	1	5	66	92	78	158	56	102	24				47	1587	544	16	2	9	2	3	90	0	90	213	50	0	0	0		18	648	134	0	15600	19400	0	"Elderly are not included in adult count by sex."	"ANOM GGA 50II 272"
57	1856	"Trirat"	148	"El Mouiadat Cheraga"	8	132	14	2	2	26	44	38	50	28	22	12				23	841	265	20	5	11	3	1	38	1	37	191	25	0	0	0		10	270	37	0	9500	16500	0	"Elderly are not included in adult count by sex."	"ANOM GGA 50II 272"
58	1856	"El Hamez"	149	"El Mouiadat Cheraga"	8	137	6	0	5	28	39	37	61	20	41	10				54	332	105	13	2	9	1	1	42	1	41	37	24	0	0	0		7.5	42	10	0	6000	11100	0	"Elderly are not included in adult count by sex."	"ANOM GGA 50II 272"
53	1856	"El Maadhma"	47	"Ahmed Ben Joucef"	12	180	5	1	0	42	48	56	76	47	29	9				91	762	414	15	3	11	0	1	27	12	15	2	26	27	0	0		20.5	377	31	0	18200	18000	0	"Elderly are not included in adult count by sex."	"ANOM GGA 50II 272"
54	1856	"Oulad Sid El Khider"	48	"Ahmed Ben Joucef"	12	182	8	0	9	37	54	60	68	37	31	9				114	315	446	15	2	12	1	0	22	12	10	0	14	26	0	0		20.5	156	60	0	22700	21600	0	"Elderly are not included in adult count by sex."	"ANOM GGA 50II 272"
52	1856	"La Zaouya"	49	"Ahmed Ben Joucef"	12	139	10	0	4	26	40	49	50	32	18	4				112	404	375	15	5	7	3	0	31	16	15	5	24	29	1	2000		20	273	29	0	21700	21500	0	"Elderly are not included in adult count by sex."	"ANOM GGA 50II 272"
49	1856	"Titteri"	50	"Douaires"	13	482	26	7	22	89	144	140	198	92	106	26				431	1925	282	83	16	45	12	10	195	38	157	26	86	86	1	3000		74.5	310	14	0	18200	8700	0.045	"Elderly are not included in adult count by sex. 10 lbs of tabacco (the conversion assumes base recording unit for this section is normally the metric quintal although nowhere specified explicitly)"	"ANOM GGA 50II 272"
51	1856	"El Alalma"	51	"Douaires"	13	511	21	4	24	103	152	142	217	126	91	24				437	1841	405	58	26	24	1	7	146	52	94	57	75	100	1	1500		75.5	342	5	0	20100	8000	0	"Elderly are not included in adult count by sex."	"ANOM GGA 50II 272"
50	1856	"Oulad Er Rahab Ahel el Oued"	52	"Douaires"	13	528	52	9	8	95	164	169	195	105	90	27				379	4090	331	120	24	66	15	15	187	70	117	208	79	64	3	15000		76.5	881	24	0	20600	7000	0	"Elderly are not included in adult count by sex."	"ANOM GGA 50II 272"
48	1856	"Oulad Arhab Bent Jala"	53	"Douaires"	13	512	22	9	17	104	152	149	211	124	87	13				237	2080	370	60	10	31	4	15	133	44	89	42	73	61	1	3000		61	403	6	0	15400	4100	0	"Elderly are not included in adult count by sex."	"ANOM GGA 50II 272"
45	1856	"Oulad Amer"	59	"Souari"	16	91	6	0	4	15	25	30	36	15	21	5				37	280	38	10	4	4	0	2	25	3	22	0	17	10	0	0		10.5	0	0	0	19900	7600	0	"Elderly are not included in adult count by sex."	"ANOM GGA 50II 272"
47	1856	"Oulad Yacoub"	60	"Souari"	16	166	7	1	7	40	55	60	51	27	24	16				118	871	112	11	3	7	1	0	46	5	41	37	32	23	0	0		25	60	0	0	36500	23400	0	"Elderly are not included in adult count by sex."	"ANOM GGA 50II 272"
46	1856	"Oulad Dzaids"	61	"Souari"	16	172	10	0	6	29	45	56	71	35	36	10				95	798	104	29	3	16	0	10	54	15	39	17	33	14	0	0		26.5	167	0	0	11700	15100	0	"Elderly are not included in adult count by sex."	"ANOM GGA 50II 272"
43	1856	"Oulad Ketin"	62	"Oulad Maarreuf"	17	238	17	6	23	38	84	76	78	47	31	14				99	1249	129	33	6	21	6	0	58	16	42	66	38	26	0	0		39	391	0	0	59600	40700	0	"Elderly are not included in adult count by sex."	"ANOM GGA 50II 272"
42	1856	"Oulad Abids"	63	"Oulad Maarreuf"	17	170	9	0	16	24	49	59	62	29	33	17				75	876	187	14	2	8	2	2	48	8	40	12	32	15	0	0		25	77	0	0	35900	9400	0	"Elderly are not included in adult count by sex."	"ANOM GGA 50II 272"
44	1856	"Oulad Arioua"	64	"Oulad Maarreuf"	17	191	17	3	8	23	51	69	71	35	36	18				108	1279	232	34	0	24	10	0	57	17	40	83	30	9	1			31	225	0	0	43800	41900	0	"Elderly are not included in adult count by sex."	"ANOM GGA 50II 272"
60	1856	"Dehimat"	65	"Dehimat"	18	186	16	4	6	28	54	66	66	45	21	28				91	1595	228	31	10	16	2	3	44	7	37	73	38	15	0	0		32	416	0	0	31800	42300	0	"Elderly are not included in adult count by sex."	"ANOM GGA 50II 272"
33	1856	"El Abrass"	66	"Abids"	19	808	37	1	92	159	289	217	302	166	136	38				802	1537	998	93	33	41	11	8	176	42	134	14	120	121	4	5500		206	100	0	0	107400	90000	0	"Elderly are not included in adult count by sex."	"ANOM GGA 50II 272"
32	1856	"El Cheurfa"	67	"Abids"	19	331	5	0	19	74	98	92	141	84	57	11				249	137	480	11	4	6	1	0	35	2	33	0	33	47	0	0		52	0	0	0	30300	34600	0	"Elderly are not included in adult count by sex."	"ANOM GGA 50II 272"
30	1856	"Etthalit"	68	"Abids"	19	184	22	0	7	20	49	56	79	47	32	13				160	1468	150	53	11	27	11	4	62	24	38	187	28	28	0	0		77	1270	0	0	42400	33700	0	"Elderly are not included in adult count by sex."	"ANOM GGA 50II 272"
29	1856	"Elgueraba"	69	"Abids"	19	155	10	0	6	36	52	44	59	33	26	6				101	970	116	37	4	20	5	8	49	15	34	35	20	20	0	0		49	610	0	0	29900	30300	0	"Elderly are not included in adult count by sex."	"ANOM GGA 50II 272"
28	1856	"Oulad Senan"	70	"Abids"	19	122	12	0	0	26	38	34	50	23	27	5				105	608	240	36	6	20	4	6	40	12	28	0	17	17	0	41		41	220	0	0	26000	21700	0	"Elderly are not included in adult count by sex."	"ANOM GGA 50II 272"
31	1856	"El Hekoum"	138	"Abids"	19	133	15	0	2	11	28	56	49	26	23	13				162	1053	197	38	9	19	5	5	51	15	36	106	27	27	3	2700		65	1000	0	0	33700	30400	0	"Elderly are not included in adult count by sex."	"ANOM GGA 50II 272"
27	1856	"Guessamtia"	139	"Abids"	19	142	12	3	15	20	50	47	45	27	18	6				101	807	156	36	7	19	6	4	46	13	33	33	21	32	0	0		54	300	0	0	27200	27300	0	"Elderly are not included in adult count by sex."	"ANOM GGA 50II 272"
38	1856	"El Guerabib"	71	"Beni Hassen"	20	213	5	0	23	49	77	67	69	33	36	17				141	14	345	13	2	8	3	0	35	3	32	1	28	29	0	0		45	0	0	0	32700	33200	0	"Elderly are not included in adult count by sex."	"ANOM GGA 50II 272"
39	1856	"Mezaïa"	72	"Beni Hassen"	20	117	4	0	14	24	42	40	35	26	9	6				130	268	323	10	1	6	3	0	27	4	23	0	23	27	0	0		40	0	0	0	27500	27700	0	"Elderly are not included in adult count by sex."	"ANOM GGA 50II 272"
40	1856	"Mennâ"	73	"Beni Hassen"	20	182	11	3	13	18	45	56	81	39	42	16				192	307	753	37	3	23	7	4	54	17	37	0	22	22	0	0		76	0	0	0	41900	35500	0	"Elderly are not included in adult count by sex."	"ANOM GGA 50II 272"
36	1856	"Oulad Amran"	74	"Beni Hassen"	20	144	7	0	7	38	52	45	47	27	20	9				126	353	648	24	4	13	5	2	39	11	28	0	19	20	0	0		53	100	0	0	31600	27100	0	"Elderly are not included in adult count by sex."	"ANOM GGA 50II 272"
34	1856	"Oulad Saïd"	75	"Beni Hassen"	20	251	14	0	11	63	88	76	87	49	38	19				259	662	665	45	4	26	7	8	47	21	26	0	29	32	2	3500		84	60	0	0	52200	51300	0	"Elderly are not included in adult count by sex."	"ANOM GGA 50II 272"
41	1856	"Beni Ghiars"	76	"Beni Hassen"	20	146	2	0	8	36	46	46	54	39	15	6				102	180	335	6	1	2	0	3	39	7	32	0	19	19	0	0		48	0	0	0	33300	28800	0	"Elderly are not included in adult count by sex."	"ANOM GGA 50II 272"
37	1856	"El Chebâna"	77	"Beni Hassen"	20	137	5	0	7	19	31	42	64	46	18	3				76	142	214	10	2	5	1	2	20	6	14	0	17	17	0	0		32	0	0	0	21200	16500	0	"Elderly are not included in adult count by sex."	"ANOM GGA 50II 272"
35	1856	"Oulad Sidi Yagoub"	140	"Beni Hassen"	20	103	3	0	3	21	27	31	45	29	16	8				83	92	351	8	1	5	1	1	18	0	18	0	19	20	0	0		26	0	0	0	15700	18400	0	"Elderly are not included in adult count by sex."	"ANOM GGA 50II 272"
84	1872	"Oulad Otsmane"	17	"Tittery"	5	161	19		30		56	60	45				0	161	0	15	1272	147	19					9			61	22	15	6	3500			1900	1200	0			0	"Tittery, Souari and Deimat lumped for land and cereals (only) so these have been re-allocated weighted by population. . Quintals converted to kg (at 1:100) for wool, hides, wheat, barley and tobacco. Hectolitres converted to litres for oil (at 1:100)."	"ANOM GGA 01II 277"
85	1872	"Oulad Debab"	18	"Tittery"	5	79	10		10		28	27	24				0	79	0	0	0	18	10					0			6	2	12	8	4000			0	0	0			0	"Tittery, Souari and Deimat lumped for land and cereals (only) so these have been re-allocated weighted by population. . Quintals converted to kg (at 1:100) for wool, hides, wheat, barley and tobacco. Hectolitres converted to litres for oil (at 1:100)."	"ANOM GGA 01II 277"
86	1872	"El Mahadba"	20	"Tittery"	5	199	13		40		84	79	36				0	199	0	49	1354	29	13					9			0	40	33	6	3200			2100	1300	0			0	"Tittery, Souari and Deimat lumped for land and cereals (only) so these have been re-allocated weighted by population. . Quintals converted to kg (at 1:100) for wool, hides, wheat, barley and tobacco. Hectolitres converted to litres for oil (at 1:100)."	"ANOM GGA 01II 277"
105	1872	"Oulad Chellaf el Oulad Aissa"	21	"Oulad Allane-Beschiech"	6	416	16		87		133	158	125				0	416	0	116	1276	368	22					8			0	80	51	4	3000			1900	1200	0			0		"ANOM GGA 01II 277"
103	1872	"Oulad Abdelouahab"	22	"Oulad Allane-Beschiech"	6	580	31		118		181	211	188				0	580	0	138	3650	285	59					27			86	102	30	9	8000			5500	3600	0			0	"Quintals converted to kg (at 1:100) for wool, hides and tobacco. Hectolitres converted to litres for oil (at 1:100)."	"ANOM GGA 01II 277"
104	1872	"Oulad Yahia"	23	"Oulad Allane-Beschiech"	6	547	16		116		161	201	185				0	547	0	106	1746	110	19					9			15	108	59	1	500			2600	1700	0			0	"Quintals converted to kg (at 1:100) for wool, hides and tobacco. Hectolitres converted to litres for oil (at 1:100)."	"ANOM GGA 01II 277"
109	1872	"Zerarta"	24	"Oulad Allane-Beschiech"	6	373	4		70		104	126	143				0	373	0	83	3663	324	4					0			0	74	15	3	2000			5500	3600	0			0	"Quintals converted to kg (at 1:100) for wool, hides and tobacco. Hectolitres converted to litres for oil (at 1:100)."	"ANOM GGA 01II 277"
110	1872	"Maaguif"	25	"Oulad Allane-Beschiech"	6	131	1		17		38	48	45				0	131	0	37	258	49	2					0			0	25	4	3	1500			400	2900	0			0	"Quintals converted to kg (at 1:100) for wool, hides and tobacco. Hectolitres converted to litres for oil (at 1:100)."	"ANOM GGA 01II 277"
106	1872	"Oulad Sidi Amor El Horabat"	26	"Oulad Allane-Beschiech"	6	173	8		28		57	72	44				0	173	0	39	1165	87	10					6			1	41	4	1	500			1800	1100	0			0	"Quintals converted to kg (at 1:100) for wool, hides and tobacco. Hectolitres converted to litres for oil (at 1:100)."	"ANOM GGA 01II 277"
108	1872	"Oulad Sidi Ameur Cheraga"	27	"Oulad Allane-Beschiech"	6	368	13		75		110	127	131				0	368	0	83	1872	154	19					7			7	64	19	6	3000			2800	1800	0			0	"Quintals converted to kg (at 1:100) for wool, hides and tobacco. Hectolitres converted to litres for oil (at 1:100)."	"ANOM GGA 01II 277"
107	1872	"Oulad Sidi Ameur Gheraba"	27	"Oulad Allane-Beschiech"	6	200	3		32		57	74	69				0	200	0	63	305	105	3					12			2	39	23	4	2000			500	300	0			0	"Quintals converted to kg (at 1:100) for wool, hides and tobacco. Hectolitres converted to litres for oil (at 1:100)."	"ANOM GGA 01II 277"
98	1872	"Lebabda"	28	"Oulad Allane-Zekri"	6	623	21		107		263	233	127				0	623	0	243	5096	408	42					17			51	128	60	3	2500			7700	5000	0			0	"Quintals converted to kg (at 1:100) for wool, hides and tobacco. Hectolitres converted to litres for oil (at 1:100)."	"ANOM GGA 01II 277"
97	1872	"Taziza"	29	"Oulad Allane-Zekri"	6	659	20		105		197	247	215				0	659	0	164	3478	542	30					10			44	124	68	7	5000			5200	3400	0			0	"Quintals converted to kg (at 1:100) for wool, hides and tobacco. Hectolitres converted to litres for oil (at 1:100)."	"ANOM GGA 01II 277"
102	1872	"Oulad Khelifa el Oulad Sidi Khelif"	30	"Oulad Allane-Zekri"	6	131	7		17		39	41	51				0	131	0	29	543	133	8					7			0	23	22	0	0			900	500	0			0	"Quintals converted to kg (at 1:100) for wool, hides and tobacco. Hectolitres converted to litres for oil (at 1:100)."	"ANOM GGA 01II 277"
99	1872	"Hadjama"	31	"Oulad Allane-Zekri"	6	532	9		89		149	195	188				0	532	0	171	3232	994	14					3			7	99	31	0	0			4900	3200	0			0	"Quintals converted to kg (at 1:100) for wool, hides and tobacco. Hectolitres converted to litres for oil (at 1:100)."	"ANOM GGA 01II 277"
101	1872	"Oulad Mahmed el Sidi El Bekhlli"	32	"Oulad Allane-Zekri"	6	323	10		47		95	101	127				0	323	0	88	876	133	14					13			9	52	48	4	3000			1300	800	0			0	"Quintals converted to kg (at 1:100) for wool, hides and tobacco. Hectolitres converted to litres for oil (at 1:100)."	"ANOM GGA 01II 277"
100	1872	"Oulad Bel Hites"	33	"Oulad Allane-Zekri"	6	385	11		81		140	135	110				0	385	0	121	3354	295	15					12			44	93	20	3	2500			5000	3300	0			0	"Quintals converted to kg (at 1:100) for wool, hides and tobacco. Hectolitres converted to litres for oil (at 1:100)."	"ANOM GGA 01II 277"
111	1872	"Oulad Mokhtar"	11	"Oulad Mokhtar Cheraga"	7	295	18		56		84	112	99				0	295	0	0	2804	343	30					1			338	50	0	0	0			4200	2800	0			0	"Quintals converted to kg (at 1:100) for wool, hides and tobacco. Hectolitres converted to litres for oil (at 1:100)."	"ANOM GGA 01II 277"
112	1872	"Mekhalife"	12	"Oulad Mokhtar Cheraga"	7	77	3		10		18	28	31				0	77	0	0	676	105	5					0			50	13	0	0	0			1000	600	0			0	"Quintals converted to kg (at 1:100) for wool, hides and tobacco. Hectolitres converted to litres for oil (at 1:100)."	"ANOM GGA 01II 277"
113	1872	"Abaziz"	150	"Oulad Mokhtar Cheraga"	7	67	3		11		18	25	24				0	67	0	0	982	97	6					1			40	12	0	0	0			1500	900	0			0	"Quintals converted to kg (at 1:100) for wool, hides and tobacco. Hectolitres converted to litres for oil (at 1:100)."	"ANOM GGA 01II 277"
117	1872	"Medallia"	13	"Mouidat Cheraga"	8	118	15		17		39	47	32				0	118	0	0	1878	220	16					0			100	29	0	0	0			2800	1800	0			0	"Quintals converted to kg (at 1:100) for wool, hides and tobacco. Hectolitres converted to litres for oil (at 1:100)."	"ANOM GGA 01II 277"
114	1872	"Sahabate"	147	"Mouidat Cheraga"	8	148	3		32		54	59	35				0	148	0	0	792	175	3					0			80	36	0	0	0			1200	700	0			0	"Quintals converted to kg (at 1:100) for wool, hides and tobacco. Hectolitres converted to litres for oil (at 1:100)."	"ANOM GGA 01II 277"
116	1872	"Trirate"	148	"Mouidat Cheraga"	8	220	13		35		68	78	74				0	220	0	0	1125	307	21					0			157	42	0	0	0			1700	1100	0			0	"Quintals converted to kg (at 1:100) for wool, hides and tobacco. Hectolitres converted to litres for oil (at 1:100)."	"ANOM GGA 01II 277"
115	1872	"Hamz"	149	"Mouidat Cheraga"	8	99	4		16		24	37	38				0	99	0	0	5362	1083	5					0			244	18	0	0	0			8100	5300	0			0	"Quintals converted to kg (at 1:100) for wool, hides and tobacco. Hectolitres converted to litres for oil (at 1:100)."	"ANOM GGA 01II 277"
125	1872	"Oulad Belhei"	152	"Sahary Ouled Brahim"	9	98	12		6		21	42	35				0	98	0	34	2384	500	14					2			136	21	2	3	1800			3600	2300	0			0	"Quintals converted to kg (at 1:100) for wool, hides and tobacco. Hectolitres converted to litres for oil (at 1:100)."	"ANOM GGA 01II 277"
126	1872	"Oulad Tabt"	153	"Sahary Ouled Brahim"	9	111	0		30		35	41	35				0	111	0	7	59	140	0					0			0	34	0	0	0			50	100	0			0	"Quintals converted to kg (at 1:100) for wool, hides and tobacco. Hectolitres converted to litres for oil (at 1:100)."	"ANOM GGA 01II 277"
127	1872	"Oulad Sâad"	154	"Sahary Ouled Brahim"	9	108	0		23		30	41	37				0	108	0	63	338	807	0					0			4	30	0	0	0			1300	800	0			0	"Quintals converted to kg (at 1:100) for wool, hides and tobacco. Hectolitres converted to litres for oil (at 1:100)."	"ANOM GGA 01II 277"
128	1872	"Oulad Ali ben Sâad"	155	"Sahary Ouled Brahim"	9	38	0		12		14	18	6				0	38	0	32	150	70	0					0			0	14	0	0	0			200	100	0			0	"Quintals converted to kg (at 1:100) for wool, hides and tobacco. Hectolitres converted to litres for oil (at 1:100)."	"ANOM GGA 01II 277"
129	1872	"El Hazel"	156	"Sahary Ouled Brahim"	9	158	0		29		36	55	67				0	158	0	31	708	290	0					2			0	36	0	0	0			1100	700	0			0	"Quintals converted to kg (at 1:100) for wool, hides and tobacco. Hectolitres converted to litres for oil (at 1:100)."	"ANOM GGA 01II 277"
130	1872	"Oulad Yahia"	157	"Sahary Ouled Brahim"	9	168	0		35		44	57	67				0	168	0	38	456	332	0					0			0	43	0	0	0			700	400	0			0	"Quintals converted to kg (at 1:100) for wool, hides and tobacco. Hectolitres converted to litres for oil (at 1:100)."	"ANOM GGA 01II 277"
121	1872	"Touahar"	37	"Ouled Sidi Aïssa el Adab/el Ahhedab"	10	122	3		10		45	39	38				0	122	0	18	173	104	3					1			5	26	0	0	0			300	200	0			0	"Quintals converted to kg (at 1:100) for wool, hides and tobacco. Hectolitres converted to litres for oil (at 1:100)."	"ANOM GGA 01II 277"
124	1872	"Mekhalife"	38	"Ouled Sidi Aïssa el Adab/el Ahhedab"	10	18	0		1		6	5	7				0	18	0	5	15	37	0					0			0	5	0	0	0			50	0	0			0	"Quintals converted to kg (at 1:100) for wool, hides and tobacco. Hectolitres converted to litres for oil (at 1:100)."	"ANOM GGA 01II 277"
122	1872	"Oulad Sidi Labah"	39	"Ouled Sidi Aïssa el Adab/el Ahhedab"	10	130	4		30		54	47	29				0	130	0	27	186	129	4					0			16	31	0	0	0			300	200	0			0	"Quintals converted to kg (at 1:100) for wool, hides and tobacco. Hectolitres converted to litres for oil (at 1:100)."	"ANOM GGA 01II 277"
123	1872	"Oulad Sidi Ameur"	151	"Ouled Sidi Aïssa el Adab/el Ahhedab"	10	57	1		6		18	21	18				0	57	0	7	82	38	1					0			4	5	0	0	0			100	100	0			0	"Quintals converted to kg (at 1:100) for wool, hides and tobacco. Hectolitres converted to litres for oil (at 1:100)."	"ANOM GGA 01II 277"
93	1872	"Oulad Salah"	40	"Rebaia"	11	623	20		160		220	212	191				0	623	0	143	2762	1247	21					47			0	131	134	6	4000			4200	2700	0			0	"Quintals converted to kg (at 1:100) for wool, hides and tobacco. Hectolitres converted to litres for oil (at 1:100)."	"ANOM GGA 01II 277"
92	1872	"Oulad Hamid"	42	"Rebaia"	11	424	8		90		113	160	151				0	424	0	63	1725	1176	8					48			9	83	103	8	6000			2600	1700	0			0	"Quintals converted to kg (at 1:100) for wool, hides and tobacco. Hectolitres converted to litres for oil (at 1:100)."	"ANOM GGA 01II 277"
91	1872	"Oulad Attaf"	45	"Rebaia"	11	759	30		100		192	308	259				0	759	0	154	3233	758	31					56			30	134	172	16	12000			4900	3200	0			0	"Quintals converted to kg (at 1:100) for wool, hides and tobacco. Hectolitres converted to litres for oil (at 1:100)."	"ANOM GGA 01II 277"
94	1872	"Oulad Sidi Mohammed"	46	"Rebaia"	11	221	8		20		72	79	70				0	221	0	67	1275	333	8					29			0	31	62	6	5000			1900	1200	0			0	"Quintals converted to kg (at 1:100) for wool, hides and tobacco. Hectolitres converted to litres for oil (at 1:100)."	"ANOM GGA 01II 277"
96	1872	"Oulad Sidi El Khoider"	48	"Oued Chair"	12	184	4		16		59	61	64				0	184	0	28	285	297	4					12			3	9	36	9	810			500	300	0			0	"Quintals converted to kg (at 1:100) for wool, hides and tobacco. Hectolitres converted to litres for oil (at 1:100)."	"ANOM GGA 01II 277"
95	1872	"Zaouïa"	49	"Oued Chair"	12	236	10		20		88	83	65				0	236	0	70	504	479	14					15			0	26	37	8	1475			800	500	0			0	"Quintals converted to kg (at 1:100) for wool, hides and tobacco. Hectolitres converted to litres for oil (at 1:100)."	"ANOM GGA 01II 277"
65	1872	"Tittery"	50	"Douaires"	12	209	13		49		75	81	53				0	209	0	64	1082	143	16					19			0	31	32	22	15000			1600	600	0			0	"Quintals converted to kg (at 1:100) for wool, hides and tobacco. Hectolitres converted to litres for oil (at 1:100)."	"ANOM GGA 01II 277"
66	1872	"El Halalma"	51	"Douaires"	12	211	19		33		61	76	74				0	21	0	83	1066	314	28					24			0	30	51	12	10000			1600	600	0			0	"Quintals converted to kg (at 1:100) for wool, hides and tobacco. Hectolitres converted to litres for oil (at 1:100)."	"ANOM GGA 01II 277"
63	1872	"Oulad Rahba Ahl el Oued"	52	"Douaires"	12	237	23		55		87	87	63				0	237	0	70	2252	205	30					19			0	39	48	21	14000			3500	1100	0			0	"Quintals converted to kg (at 1:100) for wool, hides and tobacco. Hectolitres converted to litres for oil (at 1:100)."	"ANOM GGA 01II 277"
64	1872	"Oulad Rahba Ahl el Regueb"	53	"Douaires"	12	200	12		40		62	80	58				0	200	0	61	880	224	14					10			0	38	44	12	10000			1300	500	0			0	"Quintals converted to kg (at 1:100) for wool, hides and tobacco. Hectolitres converted to litres for oil (at 1:100)."	"ANOM GGA 01II 277"
81	1872	"Oulad Sidi Nadj"	55	"Oulad Deid"	15	288	7		39		102	116	70				0	288	0	110	755	590	15					23			0	53	54	15	13000			1200	700	0			0	"Quintals converted to kg (at 1:100) for wool, hides and tobacco. Hectolitres converted to litres for oil (at 1:100)."	"ANOM GGA 01II 277"
83	1872	"Oulad Aziz"	56	"Oulad Deid"	15	292	7		34		98	111	83				0	292	0	50	1519	299	12					23			37	53	60	8	7000			2300	1500	0			0	"Quintals converted to kg (at 1:100) for wool, hides and tobacco. Hectolitres converted to litres for oil (at 1:100)."	"ANOM GGA 01II 277"
82	1872	"El Hachaffa"	57	"Oulad Deid"	15	291	5		33		88	115	88				0	291	0	55	540	313	14					20			0	50	60	5	6000			800	500	0			0	"Quintals converted to kg (at 1:100) for wool, hides and tobacco. Hectolitres converted to litres for oil (at 1:100)."	"ANOM GGA 01II 277"
89	1872	"Oulad Ameur"	59	"Souari"	16	98	2		20		32	26	40				0	98	0	44	795	131	2					1			12	0	19	0	0			1200	700	0			0	"Quintals converted to kg (at 1:100) for wool, hides and tobacco. Hectolitres converted to litres for oil (at 1:100)."	"ANOM GGA 01II 277"
88	1872	"Oulad Yacoub"	60	"Souari"	16	136	0		25		35	40	61				0	136	0	44	641	87	0					2			14	19	1	1	800			1000	600	0			0	"Quintals converted to kg (at 1:100) for wool, hides and tobacco. Hectolitres converted to litres for oil (at 1:100)."	"ANOM GGA 01II 277"
87	1872	"Oulad Deid"	61	"Souari"	16	180	6		40		61	62	57				0	180	0	56	1292	159	6					6			19	39	8	3	2000			2000	1200	0			0	"Quintals converted to kg (at 1:100) for wool, hides and tobacco. Hectolitres converted to litres for oil (at 1:100)."	"ANOM GGA 01II 277"
118	1872	"Oulad Ktir"	62	"Oulad Mareuf"	17	299	13		50		87	96	116				0	299	0	41	1852	290	13					15			0	45	12	3	2800			2800	1800	0			0	"Quintals converted to kg (at 1:100) for wool, hides and tobacco. Hectolitres converted to litres for oil (at 1:100)."	"ANOM GGA 01II 277"
120	1872	"Oulad Abid"	63	"Oulad Mareuf"	17	183	6		40		57	65	61				0	183	0	28	633	179	6					7			0	31	8	2	1600			1000	600	0			0	"Quintals converted to kg (at 1:100) for wool, hides and tobacco. Hectolitres converted to litres for oil (at 1:100)."	"ANOM GGA 01II 277"
119	1872	"Oulad Arioua"	64	"Oulad Mareuf"	17	204	10		35		63	63	78				0	204	0	16	720	95	10					10			0	35	11	0	0			1100	700	0			0	"Quintals converted to kg (at 1:100) for wool, hides and tobacco. Hectolitres converted to litres for oil (at 1:100)."	"ANOM GGA 01II 277"
90	1872	"Dheimat"	65	"Dheimat"	18	128	12		30		32	61	35				0	148	0	8	1232	119	12					4			34	7	33	0	0			1900	1200	0			0	"Quintals converted to kg (at 1:100) for wool, hides and tobacco. Hectolitres converted to litres for oil (at 1:100)."	"ANOM GGA 01II 277"
72	1872	"Oulad Hedim"	54	"Abid"	19	239	20		40		72	71	96				0	239	0	53	566	162	20					33			0	35	76	6	3000			900	500	0			0	"Quintals converted to kg (at 1:100) for wool, hides and tobacco. Hectolitres converted to litres for oil (at 1:100)."	"ANOM GGA 01II 277"
71	1872	"El Braz"	66	"Abid"	19	343	40		50		100	120	123				0	343	0	64	552	231	62					45			0	52	107	12	8000			850	500	0			0	"Quintals converted to kg (at 1:100) for wool, hides and tobacco. Hectolitres converted to litres for oil (at 1:100)."	"ANOM GGA 01II 277"
68	1872	"Cheurfa"	67	"Abid"	19	92	2		20		34	29	29				0	92	0	26	116	89	2					6			0	97	33	8	6000			200	100	0			0	"Quintals converted to kg (at 1:100) for wool, hides and tobacco. Hectolitres converted to litres for oil (at 1:100)."	"ANOM GGA 01II 277"
69	1872	"Tahalit"	68	"Abid"	19	131	20		10		36	44	51				0	131	0	27	342	98	20					21			22	49	30	3	1200			500	300	0			0	"Quintals converted to kg (at 1:100) for wool, hides and tobacco. Hectolitres converted to litres for oil (at 1:100)."	"ANOM GGA 01II 277"
70	1872	"Graba"	69	"Abid"	19	108	18		10		34	32	42				0	108	0	16	210	51	19					11			0	19	34	12	8000			300	200	0			0	"Quintals converted to kg (at 1:100) for wool, hides and tobacco. Hectolitres converted to litres for oil (at 1:100)."	"ANOM GGA 01II 277"
67	1872	"El Hakoum"	138	"Abid"	19	167	40		8		53	49	65				0	167	0	60	3625	270	66					18			282	35	15	20	10000			5500	1800	0			0	"Quintals converted to kg (at 1:100) for wool, hides and tobacco. Hectolitres converted to litres for oil (at 1:100)."	"ANOM GGA 01II 277"
73	1872	"Ksamtya"	139	"Abid"	19	172	25		15		50	53	69				0	172	0	54	831	142	29					31			10	28	51	8	6000			1250	800	0			0	"Quintals converted to kg (at 1:100) for wool, hides and tobacco. Hectolitres converted to litres for oil (at 1:100)."	"ANOM GGA 01II 277"
75	1872	"El Kerabibe"	71	"Beni Hassen"	20	214	16		30		63	73	78				0	214	0	63	369	530	16					12			0	24	39	0	0			600	300	0			0	"Quintals converted to kg (at 1:100) for wool, hides and tobacco. Hectolitres converted to litres for oil (at 1:100)."	"ANOM GGA 01II 277"
78	1872	"Mezaia"	72	"Beni Hassen"	20	146	10		20		46	59	41				0	146	0	59	273	454	11					8			0	15	27	0	0			400	200	0			0	"Quintals converted to kg (at 1:100) for wool, hides and tobacco. Hectolitres converted to litres for oil (at 1:100)."	"ANOM GGA 01II 277"
76	1872	"Oulad Mennâa"	73	"Beni Hassen"	20	242	25		40		82	79	81				0	242	0	124	590	783	29					17			0	27	39	2	1600			900	500	0			0	"Quintals converted to kg (at 1:100) for wool, hides and tobacco. Hectolitres converted to litres for oil (at 1:100)."	"ANOM GGA 01II 277"
77	1872	"Oulad Amran"	74	"Beni Hassen"	20	218	10		50		72	68	78				0	218	0	107	324	643	10					11			0	20	34	0	0			500	300	0			0	"Quintals converted to kg (at 1:100) for wool, hides and tobacco. Hectolitres converted to litres for oil (at 1:100)."	"ANOM GGA 01II 277"
74	1872	"Oulad Saïd"	75	"Beni Hassen"	20	345	30		60		120	115	110				0	345	0	154	982	972	34					16			38	40	63	8	4600			1500	900	0			0	"Quintals converted to kg (at 1:100) for wool, hides and tobacco. Hectolitres converted to litres for oil (at 1:100)."	"ANOM GGA 01II 277"
80	1872	"Ben Giar"	76	"Beni Hassen"	20	287	12		80		103	97	87				0	287	0	65	549	552	14					18			11	28	41	1	800			850	500	0			0	"Quintals converted to kg (at 1:100) for wool, hides and tobacco. Hectolitres converted to litres for oil (at 1:100)."	"ANOM GGA 01II 277"
79	1872	"Oulad Sidi Yacoub"	140	"Beni Hassen"	20	116	2		20		37	38	41				0	116	0	35	43	337	2					3			0	12	29	2	1600			50	100	0			0	"Quintals converted to kg (at 1:100) for wool, hides and tobacco. Hectolitres converted to litres for oil (at 1:100)."	"ANOM GGA 01II 277"
167	1872	"El Ghouder"	78	"Hannacha"	21	123	2		12		51	45	27				0	123	0	53	82	168	3					1			0	6	38	1	500			100	100	0			0	"Quintals converted to kg (at 1:100) for wool, hides and tobacco. Hectolitres converted to litres for oil (at 1:100)."	"ANOM GGA 01II 277"
166	1872	"Drâa Saboun"	80	"Hannacha"	21	210	10		15		63	62	85				0	210	0	95	46	207	13					4			0	8	57	2	1000			50	100	0			0	"Quintals converted to kg (at 1:100) for wool, hides and tobacco. Hectolitres converted to litres for oil (at 1:100)."	"ANOM GGA 01II 277"
165	1872	"Oulad Ben Alia"	81	"Hannacha"	21	187	3		18		60	55	72				0	187	0	38	40	286	3					2			0	5	53	1	500			50	100	0			0	"Quintals converted to kg (at 1:100) for wool, hides and tobacco. Hectolitres converted to litres for oil (at 1:100)."	"ANOM GGA 01II 277"
164	1872	"Oulad Hamouda"	82	"Hannacha"	21	235	10		20		80	67	88				0	235	0	75	60	388	17					9			0	9	56	6	4000			100	100	0			0	"Quintals converted to kg (at 1:100) for wool, hides and tobacco. Hectolitres converted to litres for oil (at 1:100)."	"ANOM GGA 01II 277"
179	1872	"Cheragha"	83	"Ouzera"	22	1307	18		10		371	407	529				1307	0	0	677	2998	1869	23					18			0	1	214	7	5000			4500	2900	300			0	"Quintals converted to kg (at 1:100) for wool, hides and tobacco. Hectolitres converted to litres for oil (at 1:100)."	"ANOM GGA 01II 277"
181	1872	"Reraba"	84	"Ouzera"	22	1108	20		80		292	328	488				1108	0	0	537	1139	2823	32					65			0	21	255	2	1400			1700	1100	200			0	"Quintals converted to kg (at 1:100) for wool, hides and tobacco. Hectolitres converted to litres for oil (at 1:100)."	"ANOM GGA 01II 277"
180	1872	"Beni Aïch"	85	"Ouzera"	22	1242	40		100		323	352	567				1242	0	0	523	2973	2451	62					91			0	23	273	4	3500			4500	2900	300			0	"Quintals converted to kg (at 1:100) for wool, hides and tobacco. Hectolitres converted to litres for oil (at 1:100)."	"ANOM GGA 01II 277"
133	1872	"Oulad Amran"	86	"Haouara"	23	458	18		90		138	139	181				0	0	458	198	409	425	22					21			0	29	68	13	7000			650	400	2			0	"Quintals converted to kg (at 1:100) for wool, hides and tobacco. Hectolitres converted to litres for oil (at 1:100)."	"ANOM GGA 01II 277"
131	1872	"El Louata"	87	"Haouara"	23	513	20		100		193	128	192				170	0	343	232	623	539	25					22			0	40	106	13	7000			950	600	2			0	"Quintals converted to kg (at 1:100) for wool, hides and tobacco. Hectolitres converted to litres for oil (at 1:100)."	"ANOM GGA 01II 277"
135	1872	"Oulad Daouch"	88	"Haouara"	23	223	8		30		69	59	95				77	0	146	105	271	283	10					7			0	15	35	5	3000			400	200	2			0	"Quintals converted to kg (at 1:100) for wool, hides and tobacco. Hectolitres converted to litres for oil (at 1:100)."	"ANOM GGA 01II 277"
132	1872	"Oulad Tabet"	89	"Haouara"	23	472	18		95		144	139	189				157	0	315	252	531	683	20					38			0	47	87	6	3200			800	500	4			0	"Quintals converted to kg (at 1:100) for wool, hides and tobacco. Hectolitres converted to litres for oil (at 1:100)."	"ANOM GGA 01II 277"
134	1872	"Menasria"	91	"Haouara"	23	259	19		36		82	69	108				86	0	173	148	181	219	22					19			0	10	41	10	5000			300	100	2			0	"Quintals converted to kg (at 1:100) for wool, hides and tobacco. Hectolitres converted to litres for oil (at 1:100)."	"ANOM GGA 01II 277"
153	1872	"Oulad Messaoud"	92	"Righa"	24	303	12		70		108	112	83				0	0	303	140	436	1124	15					14			0	14	94	7	4000			700	400	0			0	"Quintals converted to kg (at 1:100) for wool, hides and tobacco. Hectolitres converted to litres for oil (at 1:100)."	"ANOM GGA 01II 277"
157	1872	"Oulad Sidi Ahmed ben Youssef"	93	"Righa"	24	107	4		20		33	36	38				0	107	0	30	219	182	5					3			0	4	22	0	0			300	200	200			0	"Quintals converted to kg (at 1:100) for wool, hides and tobacco. Hectolitres converted to litres for oil (at 1:100)."	"ANOM GGA 01II 277"
162	1872	"Oulad Ben Aïssa"	94	"Righa"	24	131	10		20		43	50	38				0	131	0	68	33	302	18					6			0	13	27	0	0			100	100	100			0	"Quintals converted to kg (at 1:100) for wool, hides and tobacco. Hectolitres converted to litres for oil (at 1:100)."	"ANOM GGA 01II 277"
158	1872	"El Louata"	95	"Righa"	24	258	4		50		91	88	79				0	0	258	104	211	549	5					1			0	22	51	2	1200			300	200	100			0	"Quintals converted to kg (at 1:100) for wool, hides and tobacco. Hectolitres converted to litres for oil (at 1:100)."	"ANOM GGA 01II 277"
163	1872	"Oulad Bou Achera"	96	"Righa"	24	319	8		70		113	109	97				0	0	319	63	235	482	15					19			0	19	75	0	0			400	200	0			0	"Quintals converted to kg (at 1:100) for wool, hides and tobacco. Hectolitres converted to litres for oil (at 1:100)."	"ANOM GGA 01II 277"
156	1872	"Oulad Laouar"	97	"Righa"	24	233	8		40		68	76	89				0	233	0	77	234	544	11					5			0	21	39	0	0			400	200	0			0	"Quintals converted to kg (at 1:100) for wool, hides and tobacco. Hectolitres converted to litres for oil (at 1:100)."	"ANOM GGA 01II 277"
160	1872	"Sanhadja"	98	"Righa"	24	406	15		70		124	151	131				0	0	406	181	521	509	25					12			0	16	69	6	4000			900	500	0			0	"Quintals converted to kg (at 1:100) for wool, hides and tobacco. Hectolitres converted to litres for oil (at 1:100)."	"ANOM GGA 01II 277"
152	1872	"Oulad Aïssa"	99	"Righa"	24	385	10		80		111	123	151				0	385	0	189	330	439	13					9			0	19	65	14	10000			500	300	200			0	"Quintals converted to kg (at 1:100) for wool, hides and tobacco. Hectolitres converted to litres for oil (at 1:100)."	"ANOM GGA 01II 277"
154	1872	"El Hafar"	100	"Righa"	24	281	3		30		79	85	117				0	281	0	91	198	266	1					1			0	13	40	1	500			300	200	200			0	"Quintals converted to kg (at 1:100) for wool, hides and tobacco. Hectolitres converted to litres for oil (at 1:100)."	"ANOM GGA 01II 277"
159	1872	"Oulad Badi Madi"	101	"Righa"	24	270	10		60		91	90	89				0	270	0	148	231	255	15					15			0	15	49	1	800			400	200	0			0	"Quintals converted to kg (at 1:100) for wool, hides and tobacco. Hectolitres converted to litres for oil (at 1:100)."	"ANOM GGA 01II 277"
161	1872	"Oulad Ounich"	136	"Righa"	24	197	2		40		60	72	65				0	197	0	36	51	283	4					2			0	16	39	3	1500			100	100	0			0	"Quintals converted to kg (at 1:100) for wool, hides and tobacco. Hectolitres converted to litres for oil (at 1:100)."	"ANOM GGA 01II 277"
155	1872	"El Ababda"	137	"Righa"	24	74	1		15		31	27	16				0	0	74	24	74	119	1					1			0	0	17	0	0			100	100	0			0	"Quintals converted to kg (at 1:100) for wool, hides and tobacco. Hectolitres converted to litres for oil (at 1:100)."	"ANOM GGA 01II 277"
170	1872	"Zaouïa"	102	"Mouzaïa"	25	188	3		15		52	54	82				0	188	0	70	257	345	4					3			0	0	37	2	1600			400	200	100			0	"Quintals converted to kg (at 1:100) for wool, hides and tobacco. Hectolitres converted to litres for oil (at 1:100)."	"ANOM GGA 01II 277"
169	1872	"Tadmart"	103	"Mouzaïa"	25	204	2		20		64	67	73				204	0	0	132	152	493	2					9			0	0	40	0	0			200	100	100			0	"Quintals converted to kg (at 1:100) for wool, hides and tobacco. Hectolitres converted to litres for oil (at 1:100)."	"ANOM GGA 01II 277"
172	1872	"Beni Attali"	104	"Mouzaïa"	25	225	3		15		72	67	86				225	0	0	70	158	394	3					4			0	0	30	0	0			200	100	0			0	"Quintals converted to kg (at 1:100) for wool, hides and tobacco. Hectolitres converted to litres for oil (at 1:100)."	"ANOM GGA 01II 277"
168	1872	"Bou Hallouan"	105	"Mouzaïa"	25	167	2		10		47	51	69				0	167	0	103	167	310	3					5			0	0	29	0	0			250	100	100			0	"Quintals converted to kg (at 1:100) for wool, hides and tobacco. Hectolitres converted to litres for oil (at 1:100)."	"ANOM GGA 01II 277"
171	1872	"Zadmar"	158	"Mouzaïa"	25	262	4		20		76	82	104				0	262	0	68	171	619	6					13			0	4	41	1	4000			300	100	1500			0	"Quintals converted to kg (at 1:100) for wool, hides and tobacco. Hectolitres converted to litres for oil (at 1:100)."	"ANOM GGA 01II 277"
175	1872	"Oulad Ferguen"	112	"Hassen ben Ali"	26	1119	40		100		325	356	438				0	1119	0	608	3071	1158	69					208			0	165	270	40	20000			900	600	0			0	"Quintals converted to kg (at 1:100) for wool, hides and tobacco. Hectolitres converted to litres for oil (at 1:100)."	"ANOM GGA 01II 277"
177	1872	"??Oulad Trif"	113	"Hassen ben Ali"	26	658	30		100		229	256	173				0	658	0	584	3286	1673	40					54			0	110	220	12	6000			900	500	0			0	"Quintals converted to kg (at 1:100) for wool, hides and tobacco. Hectolitres converted to litres for oil (at 1:100)."	"ANOM GGA 01II 277"
173	1872	"Oulad Brahim"	114	"Hassen ben Ali"	26	506	10		40		139	141	226				0	506	0	284	820	276	14					27			0	135	220	35	15000			1200	800	0			0	"Quintals converted to kg (at 1:100) for wool, hides and tobacco. Hectolitres converted to litres for oil (at 1:100)."	"ANOM GGA 01II 277"
178	1872	"Merachda"	115	"Hassen ben Ali"	26	290	8		50		135	106	49				0	290	0	91	1294	845	10					18			0	30	67	4	2000			200	100	0			0	"Quintals converted to kg (at 1:100) for wool, hides and tobacco. Hectolitres converted to litres for oil (at 1:100)."	"ANOM GGA 01II 277"
176	1872	"Oulad Mellal"	116	"Hassen ben Ali"	26	409	15		30		115	120	174				0	409	0	197	843	476	21					30			0	95	200	22	10000			300	200	0			0	"Quintals converted to kg (at 1:100) for wool, hides and tobacco. Hectolitres converted to litres for oil (at 1:100)."	"ANOM GGA 01II 277"
174	1872	"Gheraba"	117	"Hassen ben Ali"	26	610	20		50		159	189	262				0	610	0	454	1093	809	33					24			0	99	280	26	12000			700	400	0			0	"Quintals converted to kg (at 1:100) for wool, hides and tobacco. Hectolitres converted to litres for oil (at 1:100)."	"ANOM GGA 01II 277"
142	1872	"Oulad Ali"	118	"Ghrib"	27	665	35		172		177	251	237				0	665	0	547	2143	2143	41					9			0	61	172	13	9500			1800	2100	0			0	"Quintals converted to kg (at 1:100) for wool, hides and tobacco. Hectolitres converted to litres for oil (at 1:100)."	"ANOM GGA 01II 277"
140	1872	"Hadifa"	119	"Ghrib"	27	807	30		151		321	229	257				0	807	0	503	1324	1324	39					28			0	58	151	4	2500			2000	1300	0			0	"Quintals converted to kg (at 1:100) for wool, hides and tobacco. Hectolitres converted to litres for oil (at 1:100)."	"ANOM GGA 01II 277"
141	1872	"Oulad Maguel"	120	"Ghrib"	27	655	25		155		232	220	203				0	655	0	421	1529	1529	30					10			0	64	155	5	3600			2300	1500	0			0	"Quintals converted to kg (at 1:100) for wool, hides and tobacco. Hectolitres converted to litres for oil (at 1:100)."	"ANOM GGA 01II 277"
139	1872	"Beni Rachet"	122	"Ghrib"	27	667	50		137		235	217	215				0	667	0	411	1030	1030	68					34			0	51	137	35	25000			1600	1000	0			0	"Quintals converted to kg (at 1:100) for wool, hides and tobacco. Hectolitres converted to litres for oil (at 1:100)."	"ANOM GGA 01II 277"
136	1872	"Oulad Dilmi"	124	"Ouamry"	28	956	27		200		287	276	393				0	0	956	623	2009	801	77					43			0	100	229	5	3750			3000	2000	2			0	"Quintals converted to kg (at 1:100) for wool, hides and tobacco. Hectolitres converted to litres for oil (at 1:100)."	"ANOM GGA 01II 277"
138	1872	"Oulad Djouta"	125	"Ouamry"	28	906	20		230		307	248	351				0	0	906	961	2597	859	84					44			0	81	225	4	3000			3900	2500	2			0	"Quintals converted to kg (at 1:100) for wool, hides and tobacco. Hectolitres converted to litres for oil (at 1:100)."	"ANOM GGA 01II 277"
137	1872	"Oulad Moussa"	126	"Ouamry"	28	907	33		180		265	248	394				0	0	907	690	2005	676	91					40			0	122	119	4	5250			3000	2000	1			0	"Quintals converted to kg (at 1:100) for wool, hides and tobacco. Hectolitres converted to litres for oil (at 1:100)."	"ANOM GGA 01II 277"
144	1872	"Oulad Turqui"	127	"Ben Bou Yacoub"	29	436	8		85		132	142	162				0	0	436	283	1070	176	9					42			0	14	88	2	2000			1600	1000	0			0	"Quintals converted to kg (at 1:100) for wool, hides and tobacco. Hectolitres converted to litres for oil (at 1:100)."	"ANOM GGA 01II 277"
148	1872	"Oulad Megbel"	128	"Ben Bou Yacoub"	29	401	10		65		124	128	149				0	0	401	180	888	185	17					27			0	12	76	5	4000			1400	800	0			0	"Quintals converted to kg (at 1:100) for wool, hides and tobacco. Hectolitres converted to litres for oil (at 1:100)."	"ANOM GGA 01II 277"
149	1872	"El Merabtine el Djebdala"	129	"Ben Bou Yacoub"	29	231	10		32		74	79	78				0	0	231	167	705	202	16					29			0	3	53	2	2000			1100	700	0			0	"Quintals converted to kg (at 1:100) for wool, hides and tobacco. Hectolitres converted to litres for oil (at 1:100)."	"ANOM GGA 01II 277"
146	1872	"Oulad Ali"	130	"Ben Bou Yacoub"	29	186	4		20		55	60	71				0	0	186	93	234	352	4					10			0	4	37	0	0			400	200	0			0	"Quintals converted to kg (at 1:100) for wool, hides and tobacco. Hectolitres converted to litres for oil (at 1:100)."	"ANOM GGA 01II 277"
147	1872	"Forna"	131	"Ben Bou Yacoub"	29	286	6		45		95	97	94				0	0	286	164	278	318	8					22			0	1	63	0	0			400	200	0			0	"Quintals converted to kg (at 1:100) for wool, hides and tobacco. Hectolitres converted to litres for oil (at 1:100)."	"ANOM GGA 01II 277"
145	1872	"Oulad Bou Hari"	132	"Ben Bou Yacoub"	29	196	10		30		68	70	58				0	0	196	100	332	348	10					11			0	1	56	0	0			500	300	0			0	"Quintals converted to kg (at 1:100) for wool, hides and tobacco. Hectolitres converted to litres for oil (at 1:100)."	"ANOM GGA 01II 277"
151	1872	"El Bedarna"	133	"Ben Bou Yacoub"	29	288	7		45		95	93	100				0	0	288	175	520	451	9					23			0	0	67	4	3000			800	500	0			0	"Quintals converted to kg (at 1:100) for wool, hides and tobacco. Hectolitres converted to litres for oil (at 1:100)."	"ANOM GGA 01II 277"
150	1872	"Oulad Ameur"	134	"Ben Bou Yacoub"	29	203	2		40		62	69	72				0	0	203	111	291	226	4					14			0	1	43	0	0			500	300	0			0	"Quintals converted to kg (at 1:100) for wool, hides and tobacco. Hectolitres converted to litres for oil (at 1:100)."	"ANOM GGA 01II 277"
143	1872	"Madala"	135	"Ben Bou Yacoub"	29	784	10		100		243	261	280				0	0	784	320	841	124	17					73			0	133	27	2	3000			1300	800	0			0	"Quintals converted to kg (at 1:100) for wool, hides and tobacco. Hectolitres converted to litres for oil (at 1:100)."	"ANOM GGA 01II 277"
